Workbook

Sheet Base_bruta
A1: Instituição | B1: Total | C1: Publicados | D1: Pendentes | E1: Última atualização
A2: Agência Nacional de Transportes Terrestres | B2: 7 | C2: 0 | D2: 7 | E2: 45395
A3: ANA - Agência Nacional de Águas e Saneamento Básico | B3: 197 | C3: 197 | D3: 0 | E3: 46193
A4: ANATEL - Agência Nacional de Telecomunicações | B4: 16 | C4: 16 | D4: 0 | E4: 42497
A5: ANM - Agência Nacional de Mineração | B5: 5 | C5: 5 | D5: 0 | E5: 44909
A6: ANP - Agência Nacional do Petróleo, Gás Natural e Biocombustíveis | B6: 19 | C6: 7 | D6: 12 | E6: 45420
A7: BNDES - Banco Nacional do Desenvolvimento Econômico e Social | B7: 102 | C7: 68 | D7: 34 | E7: 44961
A8: Censipam - Centro Gestor e Operacional do Sistema de Proteção da Amazônia | B8: 1385 | C8: 1385 | D8: 0 | E8: 45750
A9: Centro Estadual de Pesquisas em Sensoriamento Remoto e Meteorologia (RS) | B9: 3 | C9: 0 | D9: 3 | E9: 45747
A10: Comando de Operações Aeroespaciais | B10: 2 | C10: 1 | D10: 1 | E10: 45969
A11: CPRM - Serviço Geológico do Brasil | B11: 767 | C11: 767 | D11: 0 | E11: 45905
A12: DNIT - Departamento Nacional de Infraestrutura de Transportes | B12: 40 | C12: 34 | D12: 6 | E12: 46038
A13: EB/DSG - Diretoria de Serviço Geográfico do Exército Brasileiro | B13: 19829 | C13: 19829 | D13: 0 | E13: 46189
... A72: VALEC - Engenharia, Construções e Ferrovias S.A. | B72: 3 | C72: 3 | D72: 0 | E72: 45546

Sheet Base_Tratada
A1: ID | B1: Instituição | C1: Esfera | D1: Tipo de entidade | E1: Região (abrangência) | F1: Total | G1: Publicados | H1: Pendentes | I1: Última atualização
A2: REG-20 | B2: IBGE - Instituto Brasileiro de Geografia e Estatística | C2: Nacional | D2: Autarquia | E2: Nacional | F2: 21273 | G2: 21194 | H2: 79 | I2: 46190
A3: REG-12 | B3: EB/DSG - Diretoria de Serviço Geográfico do Exército Brasileiro | C3: Nacional | D3: Organização Militar | E3: Nacional | F3: 19829 | G3: 19829 | H3: 0 | I3: 46189
A4: REG-13 | B4: EMBRAPA - Empresa Brasileira de Pesquisa Agropecuária | C4: Nacional | D4: Empresa Pública | E4: Nacional | F4: 2390 | G4: 2389 | H4: 1 | I4: 46191
A5: REG-28 | B5: IEDE-RS - Infraestrutura Estadual de Dados Espaciais do Rio Grande do Sul | C5: Unidade Federativa | D5: Infraestrutura de Dados Espaciais (IDE) | E5: Sul | F5: 1963 | G5: 1963 | H5: 0 | I5: 46198
A6: REG-23 | B6: IDE-BA - Infraestrutura de Dados Espaciais do Estado da Bahia | C6: Unidade Federativa | D6: Infraestrutura de Dados Espaciais (IDE) | E6: Nordeste | F6: 2018 | G6: 2018 | H6: 0 | I6: 46193
A7: REG-58 | B7: PRODEMGE - Companhia de Tecnologia da Informação do Estado de Minas Gerais | C7: Unidade Federativa | D7: Empresa Pública | E7: Sudeste | F7: 1641 | G7: 1641 | H7: 0 | I7: 46189
A8: REG-26 | B8: IDE-Sisema - Infraestrutura de Dados Espaciais do Sistema Estadual de Meio Ambiente e Recursos Hídricos de Minas Gerais | C8: Unidade Federativa | D8: Infraestrutura de Dados Espaciais (IDE) | E8: Sudeste | F8: 749 | G8: 749 | H8: 0 | I8: 46191
A9: REG-24 | B9: IDE-ES/GEOBASES - Sistema Integrado de Bases Geoespaciais do Estado do Espírito Santo | C9: Unidade Federativa | D9: Infraestrutura de Dados Espaciais (IDE) | E9: Sudeste | F9: 788 | G9: 788 | H9: 0 | I9: 46182
A10: REG-35+REG-36 | B10: MB/DHN - Diretoria de Hidrografia e Navegação | C10: Nacional | D10: Organização Militar | E10: Nacional | F10: 3234 | G10: 3019 | H10: 215 | I10: 46142
A11: REG-54 | B11: Prefeitura do Município de São Paulo (SP) | C11: Municipal | D11: Prefeitura | E11: Sudeste | F11: 558 | G11: 558 | H11: 0 | I11: 46193
A12: REG-50 | B12: Prefeitura de Belo Horizonte (MG) | C12: Municipal | D12: Prefeitura | E12: Nacional | F12: 330 | G12: 330 | H12: 0 | I12: 46196
A13: REG-02 | B13: ANA - Agência Nacional de Águas e Saneamento Básico | C13: Nacional | D13: Autarquia | E13: Nacional | F13: 197 | G13: 197 | H13: 0 | I13: 46193
... A70: REG-39 | B70: MDIC - Ministério do Desenvolvimento, Indústria, Comércio e Serviços | C70: Nacional | D70: Órgão do Governo | E70: Nacional | F70: 12 | G70: 0 | H70: 12 | I70: 41697

Sheet Parâmetros
A1: PARÂMETROS DO IC-INDE — fotografia de 25/06/2026
A2: Parâmetro | B2: Valor | C2: Unidade/critério | D2: Observação
A3: Peso Publicização (wP) | B3: 0.4 | C3: proporção | D3: Maior peso: abertura do acervo declarado
A4: Peso Atualidade (wA) | B4: 0.35 | C4: proporção | D4: Decaimento exponencial por meia-vida
A5: Peso Acervo (wV) | B5: 0.25 | C5: proporção | D5: Robustez em escala logarítmica
A6: Meia-vida (τ) | B6: 730 | C6: dias | D6: A cada 730 dias a nota de atualidade cai pela metade
A7: Data de referência | B7: 46198 | C7: data | D7: Data única do recorte transversal
A8: Soma dos pesos | B8: =SUM(B3:B5) -> 1 | C8: deve ser 1,00 | D8: Verificar antes de interpretar os resultados
A9: Maior acervo observado (M*) | B9: =MAX(Base_Tratada!F2:F70) -> 21273 | C9: conjuntos | D9: Recalcula com a base tratada
A10: Status dos pesos | B10: =IF(ABS(B8-1)<0.000001,"OK","AJUSTAR PESOS") -> OK | C10: controle | D10: O índice pressupõe soma dos pesos igual a 1
A12: Limiar A – Plena | B12: 80 | C12: pontos | D12: IC-INDE ≥ 80
A13: Limiar B – Alta | B13: 60 | C13: pontos | D13: 60 ≤ IC-INDE < 80
A14: Limiar C – Média | B14: 40 | C14: pontos | D14: 40 ≤ IC-INDE < 60
A15: Limiar D – Baixa | B15: 20 | C15: pontos | D15: 20 ≤ IC-INDE < 40

Sheet Cálculo_IC-INDE
A1: ID | B1: Instituição | C1: Esfera | D1: Tipo de entidade | E1: Região | F1: Total | G1: Publicados | H1: Pendentes | I1: Última atualização | J1: P – Publicização | K1: Δt (dias) | L1: A – Atualidade | M1: V – Acervo | N1: IC-INDE | O1: Faixa | P1: Rank | Q1: IC pesos iguais | R1: Rank pesos iguais | S1: Variação rank | T1: Faixa pesos iguais | U1: Mudança de faixa | V1: IC × Total
A2: =Base_Tratada!A2 -> REG-20 | B2: =Base_Tratada!B2 -> IBGE - Instituto Brasileiro de Geografia e Estatística | C2: =Base_Tratada!C2 -> Nacional | D2: =Base_Tratada!D2 -> Autarquia | E2: =Base_Tratada!E2 -> Nacional | F2: =Base_Tratada!F2 -> 21273 | G2: =Base_Tratada!G2 -> 21194 | H2: =Base_Tratada!H2 -> 79 | I2: =Base_Tratada!I2 -> 46190 | J2: =IFERROR(G2/F2,"") -> 0.99628637 | K2: =IF(I2="","",MAX(0,Parâmetros!$B$7-I2)) -> 8 | L2: =IF(I2="","",MIN(1,POWER(0.5,K2/Parâmetros!$B$6))) -> 0.99243264 | M2: =LN(1+F2)/LN(1+Parâmetros!$B$9) -> 1 | N2: =100*(Parâmetros!$B$3*J2+Parâmetros!$B$4*L2+Parâmetros!$B$5*M2) -> 99.586597 | O2: =IF(N2>=Parâmetros!$B$12,"A – Plena",IF(N2>=Parâmetros!$B$13,"B – Alta",IF(N2>=Parâmetros!$B$14,"C – Média",IF(N2>=Parâmetros!$B$15,"D – Baixa","E – Incipiente")))) -> A – Plena | P2: =RANK(N2,$N$2:$N$70,0) -> 1 | Q2: =100*(J2+L2+M2)/3 -> 99.623967 | R2: =RANK(Q2,$Q$2:$Q$70,0) -> 1 | S2: =R2-P2 -> 0 | T2: =IF(Q2>=Parâmetros!$B$12,"A – Plena",IF(Q2>=Parâmetros!$B$13,"B – Alta",IF(Q2>=Parâmetros!$B$14,"C – Média",IF(Q2>=Parâmetros!$B$15,"D – Baixa","E – Incipiente")))) -> A – Plena | U2: =IF(O2=T2,"Não","Sim") -> Não | V2: =N2*F2 -> 2118505.7
A3: =Base_Tratada!A3 -> REG-12 | B3: =Base_Tratada!B3 -> EB/DSG - Diretoria de Serviço Geográfico do Exército Brasileiro | C3: =Base_Tratada!C3 -> Nacional | D3: =Base_Tratada!D3 -> Organização Militar | E3: =Base_Tratada!E3 -> Nacional | F3: =Base_Tratada!F3 -> 19829 | G3: =Base_Tratada!G3 -> 19829 | H3: =Base_Tratada!H3 -> 0 | I3: =Base_Tratada!I3 -> 46189 | J3: =IFERROR(G3/F3,"") -> 1 | K3: =IF(I3="","",MAX(0,Parâmetros!$B$7-I3)) -> 9 | L3: =IF(I3="","",MIN(1,POWER(0.5,K3/Parâmetros!$B$6))) -> 0.99149076 | M3: =LN(1+F3)/LN(1+Parâmetros!$B$9) -> 0.99294651 | N3: =100*(Parâmetros!$B$3*J3+Parâmetros!$B$4*L3+Parâmetros!$B$5*M3) -> 99.525839 | O3: =IF(N3>=Parâmetros!$B$12,"A – Plena",IF(N3>=Parâmetros!$B$13,"B – Alta",IF(N3>=Parâmetros!$B$14,"C – Média",IF(N3>=Parâmetros!$B$15,"D – Baixa","E – Incipiente")))) -> A – Plena | P3: =RANK(N3,$N$2:$N$70,0) -> 2 | Q3: =100*(J3+L3+M3)/3 -> 99.481242 | R3: =RANK(Q3,$Q$2:$Q$70,0) -> 2 | S3: =R3-P3 -> 0 | T3: =IF(Q3>=Parâmetros!$B$12,"A – Plena",IF(Q3>=Parâmetros!$B$13,"B – Alta",IF(Q3>=Parâmetros!$B$14,"C – Média",IF(Q3>=Parâmetros!$B$15,"D – Baixa","E – Incipiente")))) -> A – Plena | U3: =IF(O3=T3,"Não","Sim") -> Não | V3: =N3*F3 -> 1973497.9
A4: =Base_Tratada!A4 -> REG-13 | B4: =Base_Tratada!B4 -> EMBRAPA - Empresa Brasileira de Pesquisa Agropecuária | C4: =Base_Tratada!C4 -> Nacional | D4: =Base_Tratada!D4 -> Empresa Pública | E4: =Base_Tratada!E4 -> Nacional | F4: =Base_Tratada!F4 -> 2390 | G4: =Base_Tratada!G4 -> 2389 | H4: =Base_Tratada!H4 -> 1 | I4: =Base_Tratada!I4 -> 46191 | J4: =IFERROR(G4/F4,"") -> 0.99958159 | K4: =IF(I4="","",MAX(0,Parâmetros!$B$7-I4)) -> 7 | L4: =IF(I4="","",MIN(1,POWER(0.5,K4/Parâmetros!$B$6))) -> 0.99337542 | M4: =LN(1+F4)/LN(1+Parâmetros!$B$9) -> 0.7806602 | N4: =100*(Parâmetros!$B$3*J4+Parâmetros!$B$4*L4+Parâmetros!$B$5*M4) -> 94.267908 | O4: =IF(N4>=Parâmetros!$B$12,"A – Plena",IF(N4>=Parâmetros!$B$13,"B – Alta",IF(N4>=Parâmetros!$B$14,"C – Média",IF(N4>=Parâmetros!$B$15,"D – Baixa","E – Incipiente")))) -> A – Plena | P4: =RANK(N4,$N$2:$N$70,0) -> 3 | Q4: =100*(J4+L4+M4)/3 -> 92.453907 | R4: =RANK(Q4,$Q$2:$Q$70,0) -> 3 | S4: =R4-P4 -> 0 | T4: =IF(Q4>=Parâmetros!$B$12,"A – Plena",IF(Q4>=Parâmetros!$B$13,"B – Alta",IF(Q4>=Parâmetros!$B$14,"C – Média",IF(Q4>=Parâmetros!$B$15,"D – Baixa","E – Incipiente")))) -> A – Plena | U4: =IF(O4=T4,"Não","Sim") -> Não | V4: =N4*F4 -> 225300.3
A5: =Base_Tratada!A5 -> REG-28 | B5: =Base_Tratada!B5 -> IEDE-RS - Infraestrutura Estadual de Dados Espaciais do Rio Grande do Sul | C5: =Base_Tratada!C5 -> Unidade Federativa | D5: =Base_Tratada!D5 -> Infraestrutura de Dados Espaciais (IDE) | E5: =Base_Tratada!E5 -> Sul | F5: =Base_Tratada!F5 -> 1963 | G5: =Base_Tratada!G5 -> 1963 | H5: =Base_Tratada!H5 -> 0 | I5: =Base_Tratada!I5 -> 46198 | J5: =IFERROR(G5/F5,"") -> 1 | K5: =IF(I5="","",MAX(0,Parâmetros!$B$7-I5)) -> 0 | L5: =IF(I5="","",MIN(1,POWER(0.5,K5/Parâmetros!$B$6))) -> 1 | M5: =LN(1+F5)/LN(1+Parâmetros!$B$9) -> 0.76091873 | N5: =100*(Parâmetros!$B$3*J5+Parâmetros!$B$4*L5+Parâmetros!$B$5*M5) -> 94.022968 | O5: =IF(N5>=Parâmetros!$B$12,"A – Plena",IF(N5>=Parâmetros!$B$13,"B – Alta",IF(N5>=Parâmetros!$B$14,"C – Média",IF(N5>=Parâmetros!$B$15,"D – Baixa","E – Incipiente")))) -> A – Plena | P5: =RANK(N5,$N$2:$N$70,0) -> 4 | Q5: =100*(J5+L5+M5)/3 -> 92.030624 | R5: =RANK(Q5,$Q$2:$Q$70,0) -> 4 | S5: =R5-P5 -> 0 | T5: =IF(Q5>=Parâmetros!$B$12,"A – Plena",IF(Q5>=Parâmetros!$B$13,"B – Alta",IF(Q5>=Parâmetros!$B$14,"C – Média",IF(Q5>=Parâmetros!$B$15,"D – Baixa","E – Incipiente")))) -> A – Plena | U5: =IF(O5=T5,"Não","Sim") -> Não | V5: =N5*F5 -> 184567.09
A6: =Base_Tratada!A6 -> REG-23 | B6: =Base_Tratada!B6 -> IDE-BA - Infraestrutura de Dados Espaciais do Estado da Bahia | C6: =Base_Tratada!C6 -> Unidade Federativa | D6: =Base_Tratada!D6 -> Infraestrutura de Dados Espaciais (IDE) | E6: =Base_Tratada!E6 -> Nordeste | F6: =Base_Tratada!F6 -> 2018 | G6: =Base_Tratada!G6 -> 2018 | H6: =Base_Tratada!H6 -> 0 | I6: =Base_Tratada!I6 -> 46193 | J6: =IFERROR(G6/F6,"") -> 1 | K6: =IF(I6="","",MAX(0,Parâmetros!$B$7-I6)) -> 5 | L6: =IF(I6="","",MIN(1,POWER(0.5,K6/Parâmetros!$B$6))) -> 0.99526367 | M6: =LN(1+F6)/LN(1+Parâmetros!$B$9) -> 0.76369028 | N6: =100*(Parâmetros!$B$3*J6+Parâmetros!$B$4*L6+Parâmetros!$B$5*M6) -> 93.926485 | O6: =IF(N6>=Parâmetros!$B$12,"A – Plena",IF(N6>=Parâmetros!$B$13,"B – Alta",IF(N6>=Parâmetros!$B$14,"C – Média",IF(N6>=Parâmetros!$B$15,"D – Baixa","E – Incipiente")))) -> A – Plena | P6: =RANK(N6,$N$2:$N$70,0) -> 5 | Q6: =100*(J6+L6+M6)/3 -> 91.965132 | R6: =RANK(Q6,$Q$2:$Q$70,0) -> 5 | S6: =R6-P6 -> 0 | T6: =IF(Q6>=Parâmetros!$B$12,"A – Plena",IF(Q6>=Parâmetros!$B$13,"B – Alta",IF(Q6>=Parâmetros!$B$14,"C – Média",IF(Q6>=Parâmetros!$B$15,"D – Baixa","E – Incipiente")))) -> A – Plena | U6: =IF(O6=T6,"Não","Sim") -> Não | V6: =N6*F6 -> 189543.65
A7: =Base_Tratada!A7 -> REG-58 | B7: =Base_Tratada!B7 -> PRODEMGE - Companhia de Tecnologia da Informação do Estado de Minas Gerais | C7: =Base_Tratada!C7 -> Unidade Federativa | D7: =Base_Tratada!D7 -> Empresa Pública | E7: =Base_Tratada!E7 -> Sudeste | F7: =Base_Tratada!F7 -> 1641 | G7: =Base_Tratada!G7 -> 1641 | H7: =Base_Tratada!H7 -> 0 | I7: =Base_Tratada!I7 -> 46189 | J7: =IFERROR(G7/F7,"") -> 1 | K7: =IF(I7="","",MAX(0,Parâmetros!$B$7-I7)) -> 9 | L7: =IF(I7="","",MIN(1,POWER(0.5,K7/Parâmetros!$B$6))) -> 0.99149076 | M7: =LN(1+F7)/LN(1+Parâmetros!$B$9) -> 0.74294945 | N7: =100*(Parâmetros!$B$3*J7+Parâmetros!$B$4*L7+Parâmetros!$B$5*M7) -> 93.275913 | O7: =IF(N7>=Parâmetros!$B$12,"A – Plena",IF(N7>=Parâmetros!$B$13,"B – Alta",IF(N7>=Parâmetros!$B$14,"C – Média",IF(N7>=Parâmetros!$B$15,"D – Baixa","E – Incipiente")))) -> A – Plena | P7: =RANK(N7,$N$2:$N$70,0) -> 6 | Q7: =100*(J7+L7+M7)/3 -> 91.148007 | R7: =RANK(Q7,$Q$2:$Q$70,0) -> 6 | S7: =R7-P7 -> 0 | T7: =IF(Q7>=Parâmetros!$B$12,"A – Plena",IF(Q7>=Parâmetros!$B$13,"B – Alta",IF(Q7>=Parâmetros!$B$14,"C – Média",IF(Q7>=Parâmetros!$B$15,"D – Baixa","E – Incipiente")))) -> A – Plena | U7: =IF(O7=T7,"Não","Sim") -> Não | V7: =N7*F7 -> 153065.77
A8: =Base_Tratada!A8 -> REG-26 | B8: =Base_Tratada!B8 -> IDE-Sisema - Infraestrutura de Dados Espaciais do Sistema Estadual de Meio Ambiente e Recursos Hídricos de Minas Gerais | C8: =Base_Tratada!C8 -> Unidade Federativa | D8: =Base_Tratada!D8 -> Infraestrutura de Dados Espaciais (IDE) | E8: =Base_Tratada!E8 -> Sudeste | F8: =Base_Tratada!F8 -> 749 | G8: =Base_Tratada!G8 -> 749 | H8: =Base_Tratada!H8 -> 0 | I8: =Base_Tratada!I8 -> 46191 | J8: =IFERROR(G8/F8,"") -> 1 | K8: =IF(I8="","",MAX(0,Parâmetros!$B$7-I8)) -> 7 | L8: =IF(I8="","",MIN(1,POWER(0.5,K8/Parâmetros!$B$6))) -> 0.99337542 | M8: =LN(1+F8)/LN(1+Parâmetros!$B$9) -> 0.66431642 | N8: =100*(Parâmetros!$B$3*J8+Parâmetros!$B$4*L8+Parâmetros!$B$5*M8) -> 91.37605 | O8: =IF(N8>=Parâmetros!$B$12,"A – Plena",IF(N8>=Parâmetros!$B$13,"B – Alta",IF(N8>=Parâmetros!$B$14,"C – Média",IF(N8>=Parâmetros!$B$15,"D – Baixa","E – Incipiente")))) -> A – Plena | P8: =RANK(N8,$N$2:$N$70,0) -> 7 | Q8: =100*(J8+L8+M8)/3 -> 88.589728 | R8: =RANK(Q8,$Q$2:$Q$70,0) -> 8 | S8: =R8-P8 -> 1 | T8: =IF(Q8>=Parâmetros!$B$12,"A – Plena",IF(Q8>=Parâmetros!$B$13,"B – Alta",IF(Q8>=Parâmetros!$B$14,"C – Média",IF(Q8>=Parâmetros!$B$15,"D – Baixa","E – Incipiente")))) -> A – Plena | U8: =IF(O8=T8,"Não","Sim") -> Não | V8: =N8*F8 -> 68440.662
A9: =Base_Tratada!A9 -> REG-24 | B9: =Base_Tratada!B9 -> IDE-ES/GEOBASES - Sistema Integrado de Bases Geoespaciais do Estado do Espírito Santo | C9: =Base_Tratada!C9 -> Unidade Federativa | D9: =Base_Tratada!D9 -> Infraestrutura de Dados Espaciais (IDE) | E9: =Base_Tratada!E9 -> Sudeste | F9: =Base_Tratada!F9 -> 788 | G9: =Base_Tratada!G9 -> 788 | H9: =Base_Tratada!H9 -> 0 | I9: =Base_Tratada!I9 -> 46182 | J9: =IFERROR(G9/F9,"") -> 1 | K9: =IF(I9="","",MAX(0,Parâmetros!$B$7-I9)) -> 16 | L9: =IF(I9="","",MIN(1,POWER(0.5,K9/Parâmetros!$B$6))) -> 0.98492255 | M9: =LN(1+F9)/LN(1+Parâmetros!$B$9) -> 0.66940341 | N9: =100*(Parâmetros!$B$3*J9+Parâmetros!$B$4*L9+Parâmetros!$B$5*M9) -> 91.207375 | O9: =IF(N9>=Parâmetros!$B$12,"A – Plena",IF(N9>=Parâmetros!$B$13,"B – Alta",IF(N9>=Parâmetros!$B$14,"C – Média",IF(N9>=Parâmetros!$B$15,"D – Baixa","E – Incipiente")))) -> A – Plena | P9: =RANK(N9,$N$2:$N$70,0) -> 8 | Q9: =100*(J9+L9+M9)/3 -> 88.477532 | R9: =RANK(Q9,$Q$2:$Q$70,0) -> 9 | S9: =R9-P9 -> 1 | T9: =IF(Q9>=Parâmetros!$B$12,"A – Plena",IF(Q9>=Parâmetros!$B$13,"B – Alta",IF(Q9>=Parâmetros!$B$14,"C – Média",IF(Q9>=Parâmetros!$B$15,"D – Baixa","E – Incipiente")))) -> A – Plena | U9: =IF(O9=T9,"Não","Sim") -> Não | V9: =N9*F9 -> 71871.411
A10: =Base_Tratada!A10 -> REG-35+REG-36 | B10: =Base_Tratada!B10 -> MB/DHN - Diretoria de Hidrografia e Navegação | C10: =Base_Tratada!C10 -> Nacional | D10: =Base_Tratada!D10 -> Organização Militar | E10: =Base_Tratada!E10 -> Nacional | F10: =Base_Tratada!F10 -> 3234 | G10: =Base_Tratada!G10 -> 3019 | H10: =Base_Tratada!H10 -> 215 | I10: =Base_Tratada!I10 -> 46142 | J10: =IFERROR(G10/F10,"") -> 0.93351886 | K10: =IF(I10="","",MAX(0,Parâmetros!$B$7-I10)) -> 56 | L10: =IF(I10="","",MIN(1,POWER(0.5,K10/Parâmetros!$B$6))) -> 0.94821602 | M10: =LN(1+F10)/LN(1+Parâmetros!$B$9) -> 0.81099737 | N10: =100*(Parâmetros!$B$3*J10+Parâmetros!$B$4*L10+Parâmetros!$B$5*M10) -> 90.803249 | O10: =IF(N10>=Parâmetros!$B$12,"A – Plena",IF(N10>=Parâmetros!$B$13,"B – Alta",IF(N10>=Parâmetros!$B$14,"C – Média",IF(N10>=Parâmetros!$B$15,"D – Baixa","E – Incipiente")))) -> A – Plena | P10: =RANK(N10,$N$2:$N$70,0) -> 9 | Q10: =100*(J10+L10+M10)/3 -> 89.757742 | R10: =RANK(Q10,$Q$2:$Q$70,0) -> 7 | S10: =R10-P10 -> -2 | T10: =IF(Q10>=Parâmetros!$B$12,"A – Plena",IF(Q10>=Parâmetros!$B$13,"B – Alta",IF(Q10>=Parâmetros!$B$14,"C – Média",IF(Q10>=Parâmetros!$B$15,"D – Baixa","E – Incipiente")))) -> A – Plena | U10: =IF(O10=T10,"Não","Sim") -> Não | V10: =N10*F10 -> 293657.71
A11: =Base_Tratada!A11 -> REG-54 | B11: =Base_Tratada!B11 -> Prefeitura do Município de São Paulo (SP) | C11: =Base_Tratada!C11 -> Municipal | D11: =Base_Tratada!D11 -> Prefeitura | E11: =Base_Tratada!E11 -> Sudeste | F11: =Base_Tratada!F11 -> 558 | G11: =Base_Tratada!G11 -> 558 | H11: =Base_Tratada!H11 -> 0 | I11: =Base_Tratada!I11 -> 46193 | J11: =IFERROR(G11/F11,"") -> 1 | K11: =IF(I11="","",MAX(0,Parâmetros!$B$7-I11)) -> 5 | L11: =IF(I11="","",MIN(1,POWER(0.5,K11/Parâmetros!$B$6))) -> 0.99526367 | M11: =LN(1+F11)/LN(1+Parâmetros!$B$9) -> 0.63482153 | N11: =100*(Parâmetros!$B$3*J11+Parâmetros!$B$4*L11+Parâmetros!$B$5*M11) -> 90.704767 | O11: =IF(N11>=Parâmetros!$B$12,"A – Plena",IF(N11>=Parâmetros!$B$13,"B – Alta",IF(N11>=Parâmetros!$B$14,"C – Média",IF(N11>=Parâmetros!$B$15,"D – Baixa","E – Incipiente")))) -> A – Plena | P11: =RANK(N11,$N$2:$N$70,0) -> 10 | Q11: =100*(J11+L11+M11)/3 -> 87.669507 | R11: =RANK(Q11,$Q$2:$Q$70,0) -> 10 | S11: =R11-P11 -> 0 | T11: =IF(Q11>=Parâmetros!$B$12,"A – Plena",IF(Q11>=Parâmetros!$B$13,"B – Alta",IF(Q11>=Parâmetros!$B$14,"C – Média",IF(Q11>=Parâmetros!$B$15,"D – Baixa","E – Incipiente")))) -> A – Plena | U11: =IF(O11=T11,"Não","Sim") -> Não | V11: =N11*F11 -> 50613.26
A12: =Base_Tratada!A12 -> REG-50 | B12: =Base_Tratada!B12 -> Prefeitura de Belo Horizonte (MG) | C12: =Base_Tratada!C12 -> Municipal | D12: =Base_Tratada!D12 -> Prefeitura | E12: =Base_Tratada!E12 -> Nacional | F12: =Base_Tratada!F12 -> 330 | G12: =Base_Tratada!G12 -> 330 | H12: =Base_Tratada!H12 -> 0 | I12: =Base_Tratada!I12 -> 46196 | J12: =IFERROR(G12/F12,"") -> 1 | K12: =IF(I12="","",MAX(0,Parâmetros!$B$7-I12)) -> 2 | L12: =IF(I12="","",MIN(1,POWER(0.5,K12/Parâmetros!$B$6))) -> 0.99810277 | M12: =LN(1+F12)/LN(1+Parâmetros!$B$9) -> 0.58223563 | N12: =100*(Parâmetros!$B$3*J12+Parâmetros!$B$4*L12+Parâmetros!$B$5*M12) -> 89.489488 | O12: =IF(N12>=Parâmetros!$B$12,"A – Plena",IF(N12>=Parâmetros!$B$13,"B – Alta",IF(N12>=Parâmetros!$B$14,"C – Média",IF(N12>=Parâmetros!$B$15,"D – Baixa","E – Incipiente")))) -> A – Plena | P12: =RANK(N12,$N$2:$N$70,0) -> 11 | Q12: =100*(J12+L12+M12)/3 -> 86.01128 | R12: =RANK(Q12,$Q$2:$Q$70,0) -> 11 | S12: =R12-P12 -> 0 | T12: =IF(Q12>=Parâmetros!$B$12,"A – Plena",IF(Q12>=Parâmetros!$B$13,"B – Alta",IF(Q12>=Parâmetros!$B$14,"C – Média",IF(Q12>=Parâmetros!$B$15,"D – Baixa","E – Incipiente")))) -> A – Plena | U12: =IF(O12=T12,"Não","Sim") -> Não | V12: =N12*F12 -> 29531.531
A13: =Base_Tratada!A13 -> REG-02 | B13: =Base_Tratada!B13 -> ANA - Agência Nacional de Águas e Saneamento Básico | C13: =Base_Tratada!C13 -> Nacional | D13: =Base_Tratada!D13 -> Autarquia | E13: =Base_Tratada!E13 -> Nacional | F13: =Base_Tratada!F13 -> 197 | G13: =Base_Tratada!G13 -> 197 | H13: =Base_Tratada!H13 -> 0 | I13: =Base_Tratada!I13 -> 46193 | J13: =IFERROR(G13/F13,"") -> 1 | K13: =IF(I13="","",MAX(0,Parâmetros!$B$7-I13)) -> 5 | L13: =IF(I13="","",MIN(1,POWER(0.5,K13/Parâmetros!$B$6))) -> 0.99526367 | M13: =LN(1+F13)/LN(1+Parâmetros!$B$9) -> 0.53067127 | N13: =100*(Parâmetros!$B$3*J13+Parâmetros!$B$4*L13+Parâmetros!$B$5*M13) -> 88.10101 | O13: =IF(N13>=Parâmetros!$B$12,"A – Plena",IF(N13>=Parâmetros!$B$13,"B – Alta",IF(N13>=Parâmetros!$B$14,"C – Média",IF(N13>=Parâmetros!$B$15,"D – Baixa","E – Incipiente")))) -> A – Plena | P13: =RANK(N13,$N$2:$N$70,0) -> 12 | Q13: =100*(J13+L13+M13)/3 -> 84.197831 | R13: =RANK(Q13,$Q$2:$Q$70,0) -> 13 | S13: =R13-P13 -> 1 | T13: =IF(Q13>=Parâmetros!$B$12,"A – Plena",IF(Q13>=Parâmetros!$B$13,"B – Alta",IF(Q13>=Parâmetros!$B$14,"C – Média",IF(Q13>=Parâmetros!$B$15,"D – Baixa","E – Incipiente")))) -> A – Plena | U13: =IF(O13=T13,"Não","Sim") -> Não | V13: =N13*F13 -> 17355.899
... A70: =Base_Tratada!A70 -> REG-39 | B70: =Base_Tratada!B70 -> MDIC - Ministério do Desenvolvimento, Indústria, Comércio e Serviços | C70: =Base_Tratada!C70 -> Nacional | D70: =Base_Tratada!D70 -> Órgão do Governo | E70: =Base_Tratada!E70 -> Nacional | F70: =Base_Tratada!F70 -> 12 | G70: =Base_Tratada!G70 -> 0 | H70: =Base_Tratada!H70 -> 12 | I70: =Base_Tratada!I70 -> 41697 | J70: =IFERROR(G70/F70,"") -> 0 | K70: =IF(I70="","",MAX(0,Parâmetros!$B$7-I70)) -> 4501 | L70: =IF(I70="","",MIN(1,POWER(0.5,K70/Parâmetros!$B$6))) -> 0.013929107 | M70: =LN(1+F70)/LN(1+Parâmetros!$B$9) -> 0.2573896 | N70: =100*(Parâmetros!$B$3*J70+Parâmetros!$B$4*L70+Parâmetros!$B$5*M70) -> 6.9222587 | O70: =IF(N70>=Parâmetros!$B$12,"A – Plena",IF(N70>=Parâmetros!$B$13,"B – Alta",IF(N70>=Parâmetros!$B$14,"C – Média",IF(N70>=Parâmetros!$B$15,"D – Baixa","E – Incipiente")))) -> E – Incipiente | P70: =RANK(N70,$N$2:$N$70,0) -> 69 | Q70: =100*(J70+L70+M70)/3 -> 9.0439568 | R70: =RANK(Q70,$Q$2:$Q$70,0) -> 69 | S70: =R70-P70 -> 0 | T70: =IF(Q70>=Parâmetros!$B$12,"A – Plena",IF(Q70>=Parâmetros!$B$13,"B – Alta",IF(Q70>=Parâmetros!$B$14,"C – Média",IF(Q70>=Parâmetros!$B$15,"D – Baixa","E – Incipiente")))) -> E – Incipiente | U70: =IF(O70=T70,"Não","Sim") -> Não | V70: =N70*F70 -> 83.067104

Sheet Agregações
A1: AGREGAÇÕES DO IC-INDE POR ESFERA, TIPO E REGIÃO
A3: Por esfera administrativa
A4: Categoria | B4: N | C4: Total | D4: Publicados | E4: Pendentes | F4: Publicação agregada | G4: IC médio | H4: IC ponderado | I4: P médio | J4: A médio | K4: V médio | L4: % do acervo
A5: Nacional | B5: =COUNTIF('Cálculo_IC-INDE'!$C$2:$C$70,A5) -> 42 | C5: =SUMIF('Cálculo_IC-INDE'!$C$2:$C$70,A5,'Cálculo_IC-INDE'!$F$2:$F$70) -> 55723 | D5: =SUMIF('Cálculo_IC-INDE'!$C$2:$C$70,A5,'Cálculo_IC-INDE'!$G$2:$G$70) -> 52675 | E5: =SUMIF('Cálculo_IC-INDE'!$C$2:$C$70,A5,'Cálculo_IC-INDE'!$H$2:$H$70) -> 3048 | F5: =IFERROR(D5/C5,0) -> 0.94530086 | G5: =AVERAGEIF('Cálculo_IC-INDE'!$C$2:$C$70,A5,'Cálculo_IC-INDE'!$N$2:$N$70) -> 60.305803 | H5: =IFERROR(SUMIF('Cálculo_IC-INDE'!$C$2:$C$70,A5,'Cálculo_IC-INDE'!$V$2:$V$70)/C5,0) -> 93.108459 | I5: =AVERAGEIF('Cálculo_IC-INDE'!$C$2:$C$70,A5,'Cálculo_IC-INDE'!$J$2:$J$70) -> 0.76009547 | J5: =AVERAGEIF('Cálculo_IC-INDE'!$C$2:$C$70,A5,'Cálculo_IC-INDE'!$L$2:$L$70) -> 0.57034083 | K5: =AVERAGEIF('Cálculo_IC-INDE'!$C$2:$C$70,A5,'Cálculo_IC-INDE'!$M$2:$M$70) -> 0.39760222 | L5: =C5/SUM('Cálculo_IC-INDE'!$F$2:$F$70) -> 0.82042108
A6: Unidade Federativa | B6: =COUNTIF('Cálculo_IC-INDE'!$C$2:$C$70,A6) -> 16 | C6: =SUMIF('Cálculo_IC-INDE'!$C$2:$C$70,A6,'Cálculo_IC-INDE'!$F$2:$F$70) -> 10840 | D6: =SUMIF('Cálculo_IC-INDE'!$C$2:$C$70,A6,'Cálculo_IC-INDE'!$G$2:$G$70) -> 10690 | E6: =SUMIF('Cálculo_IC-INDE'!$C$2:$C$70,A6,'Cálculo_IC-INDE'!$H$2:$H$70) -> 150 | F6: =IFERROR(D6/C6,0) -> 0.98616236 | G6: =AVERAGEIF('Cálculo_IC-INDE'!$C$2:$C$70,A6,'Cálculo_IC-INDE'!$N$2:$N$70) -> 75.571499 | H6: =IFERROR(SUMIF('Cálculo_IC-INDE'!$C$2:$C$70,A6,'Cálculo_IC-INDE'!$V$2:$V$70)/C6,0) -> 88.353674 | I6: =AVERAGEIF('Cálculo_IC-INDE'!$C$2:$C$70,A6,'Cálculo_IC-INDE'!$J$2:$J$70) -> 0.89985087 | J6: =AVERAGEIF('Cálculo_IC-INDE'!$C$2:$C$70,A6,'Cálculo_IC-INDE'!$L$2:$L$70) -> 0.73437399 | K6: =AVERAGEIF('Cálculo_IC-INDE'!$C$2:$C$70,A6,'Cálculo_IC-INDE'!$M$2:$M$70) -> 0.55497498 | L6: =C6/SUM('Cálculo_IC-INDE'!$F$2:$F$70) -> 0.15959953
A7: Municipal | B7: =COUNTIF('Cálculo_IC-INDE'!$C$2:$C$70,A7) -> 11 | C7: =SUMIF('Cálculo_IC-INDE'!$C$2:$C$70,A7,'Cálculo_IC-INDE'!$F$2:$F$70) -> 1357 | D7: =SUMIF('Cálculo_IC-INDE'!$C$2:$C$70,A7,'Cálculo_IC-INDE'!$G$2:$G$70) -> 1333 | E7: =SUMIF('Cálculo_IC-INDE'!$C$2:$C$70,A7,'Cálculo_IC-INDE'!$H$2:$H$70) -> 24 | F7: =IFERROR(D7/C7,0) -> 0.98231393 | G7: =AVERAGEIF('Cálculo_IC-INDE'!$C$2:$C$70,A7,'Cálculo_IC-INDE'!$N$2:$N$70) -> 65.904431 | H7: =IFERROR(SUMIF('Cálculo_IC-INDE'!$C$2:$C$70,A7,'Cálculo_IC-INDE'!$V$2:$V$70)/C7,0) -> 85.189159 | I7: =AVERAGEIF('Cálculo_IC-INDE'!$C$2:$C$70,A7,'Cálculo_IC-INDE'!$J$2:$J$70) -> 0.76441558 | J7: =AVERAGEIF('Cálculo_IC-INDE'!$C$2:$C$70,A7,'Cálculo_IC-INDE'!$L$2:$L$70) -> 0.76308834 | K7: =AVERAGEIF('Cálculo_IC-INDE'!$C$2:$C$70,A7,'Cálculo_IC-INDE'!$M$2:$M$70) -> 0.34478861 | L7: =C7/SUM('Cálculo_IC-INDE'!$F$2:$F$70) -> 0.019979388
A10: Por tipo de entidade
A11: Categoria | B11: N | C11: Total | D11: Publicados | E11: Pendentes | F11: Publicação agregada | G11: IC médio | H11: IC ponderado | I11: P médio | J11: A médio | K11: V médio | L11: % do acervo
A12: Infraestrutura de Dados Espaciais (IDE) | B12: =COUNTIF('Cálculo_IC-INDE'!$D$2:$D$70,A12) -> 6 | C12: =SUMIF('Cálculo_IC-INDE'!$D$2:$D$70,A12,'Cálculo_IC-INDE'!$F$2:$F$70) -> 6789 | D12: =SUMIF('Cálculo_IC-INDE'!$D$2:$D$70,A12,'Cálculo_IC-INDE'!$G$2:$G$70) -> 6788 | E12: =SUMIF('Cálculo_IC-INDE'!$D$2:$D$70,A12,'Cálculo_IC-INDE'!$H$2:$H$70) -> 1 | F12: =IFERROR(D12/C12,0) -> 0.9998527 | G12: =AVERAGEIF('Cálculo_IC-INDE'!$D$2:$D$70,A12,'Cálculo_IC-INDE'!$N$2:$N$70) -> 88.914821 | H12: =IFERROR(SUMIF('Cálculo_IC-INDE'!$D$2:$D$70,A12,'Cálculo_IC-INDE'!$V$2:$V$70)/C12,0) -> 91.150063 | I12: =AVERAGEIF('Cálculo_IC-INDE'!$D$2:$D$70,A12,'Cálculo_IC-INDE'!$J$2:$J$70) -> 0.99984172 | J12: =AVERAGEIF('Cálculo_IC-INDE'!$D$2:$D$70,A12,'Cálculo_IC-INDE'!$L$2:$L$70) -> 0.90994026 | K12: =AVERAGEIF('Cálculo_IC-INDE'!$D$2:$D$70,A12,'Cálculo_IC-INDE'!$M$2:$M$70) -> 0.68292972 | L12: =C12/SUM('Cálculo_IC-INDE'!$F$2:$F$70) -> 0.09995583
A13: Órgãos das Prefeituras | B13: =COUNTIF('Cálculo_IC-INDE'!$D$2:$D$70,A13) -> 1 | C13: =SUMIF('Cálculo_IC-INDE'!$D$2:$D$70,A13,'Cálculo_IC-INDE'!$F$2:$F$70) -> 25 | D13: =SUMIF('Cálculo_IC-INDE'!$D$2:$D$70,A13,'Cálculo_IC-INDE'!$G$2:$G$70) -> 23 | E13: =SUMIF('Cálculo_IC-INDE'!$D$2:$D$70,A13,'Cálculo_IC-INDE'!$H$2:$H$70) -> 2 | F13: =IFERROR(D13/C13,0) -> 0.92 | G13: =AVERAGEIF('Cálculo_IC-INDE'!$D$2:$D$70,A13,'Cálculo_IC-INDE'!$N$2:$N$70) -> 78.669257 | H13: =IFERROR(SUMIF('Cálculo_IC-INDE'!$D$2:$D$70,A13,'Cálculo_IC-INDE'!$V$2:$V$70)/C13,0) -> 78.669257 | I13: =AVERAGEIF('Cálculo_IC-INDE'!$D$2:$D$70,A13,'Cálculo_IC-INDE'!$J$2:$J$70) -> 0.92 | J13: =AVERAGEIF('Cálculo_IC-INDE'!$D$2:$D$70,A13,'Cálculo_IC-INDE'!$L$2:$L$70) -> 0.96273155 | K13: =AVERAGEIF('Cálculo_IC-INDE'!$D$2:$D$70,A13,'Cálculo_IC-INDE'!$M$2:$M$70) -> 0.32694609 | L13: =C13/SUM('Cálculo_IC-INDE'!$F$2:$F$70) -> 0.00036808009
A14: Empresa Pública | B14: =COUNTIF('Cálculo_IC-INDE'!$D$2:$D$70,A14) -> 7 | C14: =SUMIF('Cálculo_IC-INDE'!$D$2:$D$70,A14,'Cálculo_IC-INDE'!$F$2:$F$70) -> 4921 | D14: =SUMIF('Cálculo_IC-INDE'!$D$2:$D$70,A14,'Cálculo_IC-INDE'!$G$2:$G$70) -> 4886 | E14: =SUMIF('Cálculo_IC-INDE'!$D$2:$D$70,A14,'Cálculo_IC-INDE'!$H$2:$H$70) -> 35 | F14: =IFERROR(D14/C14,0) -> 0.99288762 | G14: =AVERAGEIF('Cálculo_IC-INDE'!$D$2:$D$70,A14,'Cálculo_IC-INDE'!$N$2:$N$70) -> 75.302032 | H14: =IFERROR(SUMIF('Cálculo_IC-INDE'!$D$2:$D$70,A14,'Cálculo_IC-INDE'!$V$2:$V$70)/C14,0) -> 91.185133 | I14: =AVERAGEIF('Cálculo_IC-INDE'!$D$2:$D$70,A14,'Cálculo_IC-INDE'!$J$2:$J$70) -> 0.95232118 | J14: =AVERAGEIF('Cálculo_IC-INDE'!$D$2:$D$70,A14,'Cálculo_IC-INDE'!$L$2:$L$70) -> 0.73259553 | K14: =AVERAGEIF('Cálculo_IC-INDE'!$D$2:$D$70,A14,'Cálculo_IC-INDE'!$M$2:$M$70) -> 0.46273366 | L14: =C14/SUM('Cálculo_IC-INDE'!$F$2:$F$70) -> 0.072452886
A15: Organização Militar | B15: =COUNTIF('Cálculo_IC-INDE'!$D$2:$D$70,A15) -> 6 | C15: =SUMIF('Cálculo_IC-INDE'!$D$2:$D$70,A15,'Cálculo_IC-INDE'!$F$2:$F$70) -> 27795 | D15: =SUMIF('Cálculo_IC-INDE'!$D$2:$D$70,A15,'Cálculo_IC-INDE'!$G$2:$G$70) -> 25177 | E15: =SUMIF('Cálculo_IC-INDE'!$D$2:$D$70,A15,'Cálculo_IC-INDE'!$H$2:$H$70) -> 2618 | F15: =IFERROR(D15/C15,0) -> 0.9058104 | G15: =AVERAGEIF('Cálculo_IC-INDE'!$D$2:$D$70,A15,'Cálculo_IC-INDE'!$N$2:$N$70) -> 69.236368 | H15: =IFERROR(SUMIF('Cálculo_IC-INDE'!$D$2:$D$70,A15,'Cálculo_IC-INDE'!$V$2:$V$70)/C15,0) -> 90.658235 | I15: =AVERAGEIF('Cálculo_IC-INDE'!$D$2:$D$70,A15,'Cálculo_IC-INDE'!$J$2:$J$70) -> 0.80545514 | J15: =AVERAGEIF('Cálculo_IC-INDE'!$D$2:$D$70,A15,'Cálculo_IC-INDE'!$L$2:$L$70) -> 0.6830142 | K15: =AVERAGEIF('Cálculo_IC-INDE'!$D$2:$D$70,A15,'Cálculo_IC-INDE'!$M$2:$M$70) -> 0.52450659 | L15: =C15/SUM('Cálculo_IC-INDE'!$F$2:$F$70) -> 0.40923145
A16: Autarquia | B16: =COUNTIF('Cálculo_IC-INDE'!$D$2:$D$70,A16) -> 11 | C16: =SUMIF('Cálculo_IC-INDE'!$D$2:$D$70,A16,'Cálculo_IC-INDE'!$F$2:$F$70) -> 22489 | D16: =SUMIF('Cálculo_IC-INDE'!$D$2:$D$70,A16,'Cálculo_IC-INDE'!$G$2:$G$70) -> 22377 | E16: =SUMIF('Cálculo_IC-INDE'!$D$2:$D$70,A16,'Cálculo_IC-INDE'!$H$2:$H$70) -> 112 | F16: =IFERROR(D16/C16,0) -> 0.99501979 | G16: =AVERAGEIF('Cálculo_IC-INDE'!$D$2:$D$70,A16,'Cálculo_IC-INDE'!$N$2:$N$70) -> 67.406685 | H16: =IFERROR(SUMIF('Cálculo_IC-INDE'!$D$2:$D$70,A16,'Cálculo_IC-INDE'!$V$2:$V$70)/C16,0) -> 98.670673 | I16: =AVERAGEIF('Cálculo_IC-INDE'!$D$2:$D$70,A16,'Cálculo_IC-INDE'!$J$2:$J$70) -> 0.81370597 | J16: =AVERAGEIF('Cálculo_IC-INDE'!$D$2:$D$70,A16,'Cálculo_IC-INDE'!$L$2:$L$70) -> 0.68423292 | K16: =AVERAGEIF('Cálculo_IC-INDE'!$D$2:$D$70,A16,'Cálculo_IC-INDE'!$M$2:$M$70) -> 0.43641177 | L16: =C16/SUM('Cálculo_IC-INDE'!$F$2:$F$70) -> 0.33111013
A17: Prefeitura | B17: =COUNTIF('Cálculo_IC-INDE'!$D$2:$D$70,A17) -> 8 | C17: =SUMIF('Cálculo_IC-INDE'!$D$2:$D$70,A17,'Cálculo_IC-INDE'!$F$2:$F$70) -> 1101 | D17: =SUMIF('Cálculo_IC-INDE'!$D$2:$D$70,A17,'Cálculo_IC-INDE'!$G$2:$G$70) -> 1079 | E17: =SUMIF('Cálculo_IC-INDE'!$D$2:$D$70,A17,'Cálculo_IC-INDE'!$H$2:$H$70) -> 22 | F17: =IFERROR(D17/C17,0) -> 0.98001817 | G17: =AVERAGEIF('Cálculo_IC-INDE'!$D$2:$D$70,A17,'Cálculo_IC-INDE'!$N$2:$N$70) -> 60.633546 | H17: =IFERROR(SUMIF('Cálculo_IC-INDE'!$D$2:$D$70,A17,'Cálculo_IC-INDE'!$V$2:$V$70)/C17,0) -> 86.322944 | I17: =AVERAGEIF('Cálculo_IC-INDE'!$D$2:$D$70,A17,'Cálculo_IC-INDE'!$J$2:$J$70) -> 0.68607143 | J17: =AVERAGEIF('Cálculo_IC-INDE'!$D$2:$D$70,A17,'Cálculo_IC-INDE'!$L$2:$L$70) -> 0.71079507 | K17: =AVERAGEIF('Cálculo_IC-INDE'!$D$2:$D$70,A17,'Cálculo_IC-INDE'!$M$2:$M$70) -> 0.33251444 | L17: =C17/SUM('Cálculo_IC-INDE'!$F$2:$F$70) -> 0.016210247
A18: Órgão do Governo | B18: =COUNTIF('Cálculo_IC-INDE'!$D$2:$D$70,A18) -> 23 | C18: =SUMIF('Cálculo_IC-INDE'!$D$2:$D$70,A18,'Cálculo_IC-INDE'!$F$2:$F$70) -> 4524 | D18: =SUMIF('Cálculo_IC-INDE'!$D$2:$D$70,A18,'Cálculo_IC-INDE'!$G$2:$G$70) -> 4195 | E18: =SUMIF('Cálculo_IC-INDE'!$D$2:$D$70,A18,'Cálculo_IC-INDE'!$H$2:$H$70) -> 329 | F18: =IFERROR(D18/C18,0) -> 0.92727675 | G18: =AVERAGEIF('Cálculo_IC-INDE'!$D$2:$D$70,A18,'Cálculo_IC-INDE'!$N$2:$N$70) -> 57.283133 | H18: =IFERROR(SUMIF('Cálculo_IC-INDE'!$D$2:$D$70,A18,'Cálculo_IC-INDE'!$V$2:$V$70)/C18,0) -> 75.76264 | I18: =AVERAGEIF('Cálculo_IC-INDE'!$D$2:$D$70,A18,'Cálculo_IC-INDE'!$J$2:$J$70) -> 0.76727447 | J18: =AVERAGEIF('Cálculo_IC-INDE'!$D$2:$D$70,A18,'Cálculo_IC-INDE'!$L$2:$L$70) -> 0.4828719 | K18: =AVERAGEIF('Cálculo_IC-INDE'!$D$2:$D$70,A18,'Cálculo_IC-INDE'!$M$2:$M$70) -> 0.38766552 | L18: =C18/SUM('Cálculo_IC-INDE'!$F$2:$F$70) -> 0.066607774
A19: Academia | B19: =COUNTIF('Cálculo_IC-INDE'!$D$2:$D$70,A19) -> 7 | C19: =SUMIF('Cálculo_IC-INDE'!$D$2:$D$70,A19,'Cálculo_IC-INDE'!$F$2:$F$70) -> 276 | D19: =SUMIF('Cálculo_IC-INDE'!$D$2:$D$70,A19,'Cálculo_IC-INDE'!$G$2:$G$70) -> 173 | E19: =SUMIF('Cálculo_IC-INDE'!$D$2:$D$70,A19,'Cálculo_IC-INDE'!$H$2:$H$70) -> 103 | F19: =IFERROR(D19/C19,0) -> 0.62681159 | G19: =AVERAGEIF('Cálculo_IC-INDE'!$D$2:$D$70,A19,'Cálculo_IC-INDE'!$N$2:$N$70) -> 52.598841 | H19: =IFERROR(SUMIF('Cálculo_IC-INDE'!$D$2:$D$70,A19,'Cálculo_IC-INDE'!$V$2:$V$70)/C19,0) -> 56.121244 | I19: =AVERAGEIF('Cálculo_IC-INDE'!$D$2:$D$70,A19,'Cálculo_IC-INDE'!$J$2:$J$70) -> 0.60364515 | J19: =AVERAGEIF('Cálculo_IC-INDE'!$D$2:$D$70,A19,'Cálculo_IC-INDE'!$L$2:$L$70) -> 0.5900953 | K19: =AVERAGEIF('Cálculo_IC-INDE'!$D$2:$D$70,A19,'Cálculo_IC-INDE'!$M$2:$M$70) -> 0.31198799 | L19: =C19/SUM('Cálculo_IC-INDE'!$F$2:$F$70) -> 0.0040636042
A22: Por região de abrangência
A23: Categoria | B23: N | C23: Total | D23: Publicados | E23: Pendentes | F23: Publicação agregada | G23: IC médio | H23: IC ponderado | I23: P médio | J23: A médio | K23: V médio | L23: % do acervo
A24: Nacional | B24: =COUNTIF('Cálculo_IC-INDE'!$E$2:$E$70,A24) -> 41 | C24: =SUMIF('Cálculo_IC-INDE'!$E$2:$E$70,A24,'Cálculo_IC-INDE'!$F$2:$F$70) -> 54676 | D24: =SUMIF('Cálculo_IC-INDE'!$E$2:$E$70,A24,'Cálculo_IC-INDE'!$G$2:$G$70) -> 51695 | E24: =SUMIF('Cálculo_IC-INDE'!$E$2:$E$70,A24,'Cálculo_IC-INDE'!$H$2:$H$70) -> 2981 | F24: =IFERROR(D24/C24,0) -> 0.94547882 | G24: =AVERAGEIF('Cálculo_IC-INDE'!$E$2:$E$70,A24,'Cálculo_IC-INDE'!$N$2:$N$70) -> 62.426862 | H24: =IFERROR(SUMIF('Cálculo_IC-INDE'!$E$2:$E$70,A24,'Cálculo_IC-INDE'!$V$2:$V$70)/C24,0) -> 93.496636 | I24: =AVERAGEIF('Cálculo_IC-INDE'!$E$2:$E$70,A24,'Cálculo_IC-INDE'!$J$2:$J$70) -> 0.77438554 | J24: =AVERAGEIF('Cálculo_IC-INDE'!$E$2:$E$70,A24,'Cálculo_IC-INDE'!$L$2:$L$70) -> 0.61298668 | K24: =AVERAGEIF('Cálculo_IC-INDE'!$E$2:$E$70,A24,'Cálculo_IC-INDE'!$M$2:$M$70) -> 0.39987626 | L24: =C24/SUM('Cálculo_IC-INDE'!$F$2:$F$70) -> 0.80500589
A25: Norte | B25: =COUNTIF('Cálculo_IC-INDE'!$E$2:$E$70,A25) -> 1 | C25: =SUMIF('Cálculo_IC-INDE'!$E$2:$E$70,A25,'Cálculo_IC-INDE'!$F$2:$F$70) -> 1385 | D25: =SUMIF('Cálculo_IC-INDE'!$E$2:$E$70,A25,'Cálculo_IC-INDE'!$G$2:$G$70) -> 1385 | E25: =SUMIF('Cálculo_IC-INDE'!$E$2:$E$70,A25,'Cálculo_IC-INDE'!$H$2:$H$70) -> 0 | F25: =IFERROR(D25/C25,0) -> 1 | G25: =AVERAGEIF('Cálculo_IC-INDE'!$E$2:$E$70,A25,'Cálculo_IC-INDE'!$N$2:$N$70) -> 81.021695 | H25: =IFERROR(SUMIF('Cálculo_IC-INDE'!$E$2:$E$70,A25,'Cálculo_IC-INDE'!$V$2:$V$70)/C25,0) -> 81.021695 | I25: =AVERAGEIF('Cálculo_IC-INDE'!$E$2:$E$70,A25,'Cálculo_IC-INDE'!$J$2:$J$70) -> 1 | J25: =AVERAGEIF('Cálculo_IC-INDE'!$E$2:$E$70,A25,'Cálculo_IC-INDE'!$L$2:$L$70) -> 0.65351913 | K25: =AVERAGEIF('Cálculo_IC-INDE'!$E$2:$E$70,A25,'Cálculo_IC-INDE'!$M$2:$M$70) -> 0.72594102 | L25: =C25/SUM('Cálculo_IC-INDE'!$F$2:$F$70) -> 0.020391637
A26: Nordeste | B26: =COUNTIF('Cálculo_IC-INDE'!$E$2:$E$70,A26) -> 10 | C26: =SUMIF('Cálculo_IC-INDE'!$E$2:$E$70,A26,'Cálculo_IC-INDE'!$F$2:$F$70) -> 2476 | D26: =SUMIF('Cálculo_IC-INDE'!$E$2:$E$70,A26,'Cálculo_IC-INDE'!$G$2:$G$70) -> 2453 | E26: =SUMIF('Cálculo_IC-INDE'!$E$2:$E$70,A26,'Cálculo_IC-INDE'!$H$2:$H$70) -> 23 | F26: =IFERROR(D26/C26,0) -> 0.99071082 | G26: =AVERAGEIF('Cálculo_IC-INDE'!$E$2:$E$70,A26,'Cálculo_IC-INDE'!$N$2:$N$70) -> 60.528931 | H26: =IFERROR(SUMIF('Cálculo_IC-INDE'!$E$2:$E$70,A26,'Cálculo_IC-INDE'!$V$2:$V$70)/C26,0) -> 90.434217 | I26: =AVERAGEIF('Cálculo_IC-INDE'!$E$2:$E$70,A26,'Cálculo_IC-INDE'!$J$2:$J$70) -> 0.74261905 | J26: =AVERAGEIF('Cálculo_IC-INDE'!$E$2:$E$70,A26,'Cálculo_IC-INDE'!$L$2:$L$70) -> 0.62573882 | K26: =AVERAGEIF('Cálculo_IC-INDE'!$E$2:$E$70,A26,'Cálculo_IC-INDE'!$M$2:$M$70) -> 0.35693244 | L26: =C26/SUM('Cálculo_IC-INDE'!$F$2:$F$70) -> 0.036454653
A27: Centro Oeste | B27: =COUNTIF('Cálculo_IC-INDE'!$E$2:$E$70,A27) -> 4 | C27: =SUMIF('Cálculo_IC-INDE'!$E$2:$E$70,A27,'Cálculo_IC-INDE'!$F$2:$F$70) -> 1627 | D27: =SUMIF('Cálculo_IC-INDE'!$E$2:$E$70,A27,'Cálculo_IC-INDE'!$G$2:$G$70) -> 1559 | E27: =SUMIF('Cálculo_IC-INDE'!$E$2:$E$70,A27,'Cálculo_IC-INDE'!$H$2:$H$70) -> 68 | F27: =IFERROR(D27/C27,0) -> 0.95820529 | G27: =AVERAGEIF('Cálculo_IC-INDE'!$E$2:$E$70,A27,'Cálculo_IC-INDE'!$N$2:$N$70) -> 62.525993 | H27: =IFERROR(SUMIF('Cálculo_IC-INDE'!$E$2:$E$70,A27,'Cálculo_IC-INDE'!$V$2:$V$70)/C27,0) -> 75.552774 | I27: =AVERAGEIF('Cálculo_IC-INDE'!$E$2:$E$70,A27,'Cálculo_IC-INDE'!$J$2:$J$70) -> 0.81521739 | J27: =AVERAGEIF('Cálculo_IC-INDE'!$E$2:$E$70,A27,'Cálculo_IC-INDE'!$L$2:$L$70) -> 0.44465353 | K27: =AVERAGEIF('Cálculo_IC-INDE'!$E$2:$E$70,A27,'Cálculo_IC-INDE'!$M$2:$M$70) -> 0.57417695 | L27: =C27/SUM('Cálculo_IC-INDE'!$F$2:$F$70) -> 0.023954653
A28: Sudeste | B28: =COUNTIF('Cálculo_IC-INDE'!$E$2:$E$70,A28) -> 11 | C28: =SUMIF('Cálculo_IC-INDE'!$E$2:$E$70,A28,'Cálculo_IC-INDE'!$F$2:$F$70) -> 5790 | D28: =SUMIF('Cálculo_IC-INDE'!$E$2:$E$70,A28,'Cálculo_IC-INDE'!$G$2:$G$70) -> 5643 | E28: =SUMIF('Cálculo_IC-INDE'!$E$2:$E$70,A28,'Cálculo_IC-INDE'!$H$2:$H$70) -> 147 | F28: =IFERROR(D28/C28,0) -> 0.9746114 | G28: =AVERAGEIF('Cálculo_IC-INDE'!$E$2:$E$70,A28,'Cálculo_IC-INDE'!$N$2:$N$70) -> 77.337386 | H28: =IFERROR(SUMIF('Cálculo_IC-INDE'!$E$2:$E$70,A28,'Cálculo_IC-INDE'!$V$2:$V$70)/C28,0) -> 87.377479 | I28: =AVERAGEIF('Cálculo_IC-INDE'!$E$2:$E$70,A28,'Cálculo_IC-INDE'!$J$2:$J$70) -> 0.93575712 | J28: =AVERAGEIF('Cálculo_IC-INDE'!$E$2:$E$70,A28,'Cálculo_IC-INDE'!$L$2:$L$70) -> 0.78405772 | K28: =AVERAGEIF('Cálculo_IC-INDE'!$E$2:$E$70,A28,'Cálculo_IC-INDE'!$M$2:$M$70) -> 0.49860326 | L28: =C28/SUM('Cálculo_IC-INDE'!$F$2:$F$70) -> 0.08524735
A29: Sul | B29: =COUNTIF('Cálculo_IC-INDE'!$E$2:$E$70,A29) -> 2 | C29: =SUMIF('Cálculo_IC-INDE'!$E$2:$E$70,A29,'Cálculo_IC-INDE'!$F$2:$F$70) -> 1966 | D29: =SUMIF('Cálculo_IC-INDE'!$E$2:$E$70,A29,'Cálculo_IC-INDE'!$G$2:$G$70) -> 1963 | E29: =SUMIF('Cálculo_IC-INDE'!$E$2:$E$70,A29,'Cálculo_IC-INDE'!$H$2:$H$70) -> 3 | F29: =IFERROR(D29/C29,0) -> 0.99847406 | G29: =AVERAGEIF('Cálculo_IC-INDE'!$E$2:$E$70,A29,'Cálculo_IC-INDE'!$N$2:$N$70) -> 60.15445 | H29: =IFERROR(SUMIF('Cálculo_IC-INDE'!$E$2:$E$70,A29,'Cálculo_IC-INDE'!$V$2:$V$70)/C29,0) -> 93.919606 | I29: =AVERAGEIF('Cálculo_IC-INDE'!$E$2:$E$70,A29,'Cálculo_IC-INDE'!$J$2:$J$70) -> 0.5 | J29: =AVERAGEIF('Cálculo_IC-INDE'!$E$2:$E$70,A29,'Cálculo_IC-INDE'!$L$2:$L$70) -> 0.8258301 | K29: =AVERAGEIF('Cálculo_IC-INDE'!$E$2:$E$70,A29,'Cálculo_IC-INDE'!$M$2:$M$70) -> 0.45001585 | L29: =C29/SUM('Cálculo_IC-INDE'!$F$2:$F$70) -> 0.028945819
